{
  "version": "7",
  "dialect": "mysql",
  "entries": [
    {
      "idx": 0,
      "version": "5",
      "when": 1760953670702,
      "tag": "0000_condemned_smiling_tiger",
      "breakpoints": true
    },
    {
      "idx": 1,
      "version": "5",
      "when": 1760953924075,
      "tag": "0001_far_scourge",
      "breakpoints": true
    },
    {
      "idx": 2,
      "version": "5",
      "when": 1760954583439,
      "tag": "0002_purple_iron_monger",
      "breakpoints": true
    },
    {
      "idx": 3,
      "version": "5",
      "when": 1760955078902,
      "tag": "0003_gifted_sinister_six",
      "breakpoints": true
    },
    {
      "idx": 4,
      "version": "5",
      "when": 1760955821433,
      "tag": "0004_vengeful_spectrum",
      "breakpoints": true
    },
    {
      "idx": 5,
      "version": "5",
      "when": 1760957765645,
      "tag": "0005_deep_elektra",
      "breakpoints": true
    },
    {
      "idx": 6,
      "version": "5",
      "when": 1760969832109,
      "tag": "0006_material_dragon_man",
      "breakpoints": true
    },
    {
      "idx": 7,
      "version": "5",
      "when": 1761060414213,
      "tag": "0007_milky_gamma_corps",
      "breakpoints": true
    }
  ]
}